Row number,Subject,Group,Date,Weight,Bodylength,Sex,life_history,temp_new,temp_new_year,temp_utprop,temp_ltprop,temp_utprop_year,temp_ltprop_year,BirthWithinYear,BirthWithinNextYear,BirthWithinLast5Months,DOBnextyear,DaysUntilBirth,onemonthfruit,twelvemonthfruit,age,DOB,firstyeartemp_new,firstyearfruit,firstyeartemp_ut_prop,firstyeartemp_lt_prop,day_of_year,time_since_first_entry,decades_since_first_entry,BirthWithinYearfactor,BirthWithinNextYearfactor,BirthWithinLast5Monthsfactor
1,Nono,N,2008-05-21,1490,NA,M,territory_holder,19.83770974,21.72828031,0,0.499633431,0.018302681,0.345533737,2,2,0,NA,NA,NA,NA,NA,NA,NA,NA,NA,NA,142,8.747433265,0.874743326,unknown,unknown,no birth
2,AFconPUNCH/,A500,2021-07-22,1550,73,M,territory_holder,15.69726015,22.47182288,0,0.731668502,0.025153844,0.33329024,0,1,0,2021-12-07,138,38.08366574,NA,NA,NA,NA,NA,NA,NA,204,21.91649555,2.191649555,no birth,birth,no birth
3,Anacleto/,Colman,2002-05-23,1150,73,M,territory_holder,21.5658055,NA,0,0.340059076,NA,NA,1,1,0,2002-10-25,155,NA,NA,NA,NA,NA,NA,NA,NA,144,2.751540041,0.275154004,birth,birth,no birth
4,Anacleto/,Colman,2003-09-15,1125,NA,M,territory_holder,17.55456423,22.77534808,0.023067633,0.618066535,0.021488213,0.307383935,1,1,0,2003-11-06,52,37.72660754,NA,NA,NA,NA,NA,NA,NA,259,4.065708419,0.406570842,birth,birth,no birth
5,Anacleto/,Colman,2004-03-17,1220,NA,M,territory_holder,25.81553083,22.58776575,0.044880785,0.092141612,0.021872214,0.321780457,1,0,1,NA,NA,31.13117047,1421.812977,NA,NA,NA,NA,NA,NA,77,4.569472964,0.456947296,birth,no birth,birth
6,Anacleto/,Colman,2004-09-23,1140,NA,M,territory_holder,20.51829608,22.36490344,0.039351852,0.53234127,0.022961219,0.336485524,1,2,0,NA,NA,205.4478146,1474.420974,NA,NA,NA,NA,NA,NA,267,5.089664613,0.508966461,birth,unknown,no birth
7,Anacleto/,Colman,2005-03-10,1230,NA,M,territory_holder,27.85962961,22.34038113,0.09826172,0.020697862,0.021452883,0.331586505,0,1,0,2005-10-01,205,546.5045761,10261.30534,NA,NA,NA,NA,NA,NA,70,5.549623546,0.554962355,no birth,birth,no birth
8,Anacleto/,Colman,2010-05-04,1155,65.5,M,territory_holder,21.41593369,22.42728961,0.009408602,0.401249522,0.02615731,0.332195561,1,1,0,2010-10-28,177,570.9165245,5291.146718,NA,NA,NA,NA,NA,NA,125,10.69952088,1.069952088,birth,birth,no birth
9,Anana/,Colman,2002-05-02,1325,74.5,F,territory_holder,23.02404862,NA,0,0.204765042,NA,NA,1,1,0,2002-10-25,176,NA,NA,NA,NA,NA,NA,NA,NA,123,2.694045175,0.269404517,birth,birth,no birth
10,Anana/,Colman,2004-01-13,1335,NA,F,territory_holder,26.56810489,22.56715347,0.009530792,0.059532917,0.019993165,0.323025215,1,0,1,NA,NA,192.5617166,NA,NA,NA,NA,NA,NA,NA,13,4.394250513,0.439425051,birth,no birth,birth
11,Anastasia/,Colman,2003-06-23,926.6666667,69,F,predispersal,19.7228401,22.76877504,0,0.512271995,0.019604672,0.309349596,1,1,0,2003-11-06,136,103.2339532,NA,1.734246575,2001-09-28,24.25872283,NA,0.012188172,0.305339283,175,3.835728953,0.383572895,birth,birth,no birth
12,Andre/,Colman,2011-02-02,1060,NA,M,predispersal,28.04632209,21.83192046,0.039621318,0,0.016888744,0.373692248,1,1,1,2011-10-01,241,1068.196652,5677.275627,2.175342466,2008-11-30,22.51776872,3774.747969,0.029447887,0.332900629,33,11.44969199,1.144969199,birth,birth,birth
13,Anemona/,Colman,2012-06-18,1175,NA,F,predispersal,18.72851216,23.19291623,0,0.548796166,0.050558136,0.30522112,1,0,0,NA,NA,5.996750525,1134.660279,1.64109589,2010-10-28,22.75520389,5499.457902,0.009780027,0.310569456,170,12.82409309,1.282409309,birth,no birth,no birth
14,Angelita/,Colman,2001-04-04,985,70.5,F,predispersal,26.32743877,22.40831666,0.019645969,0.076182583,0.021947581,0.31999754,1,1,0,2001-09-28,177,NA,NA,1.509589041,1999-10-01,22.21850989,NA,NA,NA,95,1.618069815,0.161806982,birth,birth,no birth
15,Angelita/,Colman,2002-02-17,1240,71,F,predispersal,26.27639163,NA,0.025603865,0.016847826,NA,NA,1,1,1,2002-10-25,250,NA,NA,2.383561644,1999-10-01,22.21850989,NA,NA,NA,48,2.491444216,0.249144422,birth,birth,birth
16,Anibal/,Colman,2002-05-23,880,68,M,predispersal,21.5658055,NA,0,0.340059076,NA,NA,1,1,0,2002-10-25,155,NA,NA,1.64109589,2000-10-01,26.14267278,NA,NA,NA,144,2.751540041,0.275154004,birth,birth,no birth
17,Anibal/,Solitario,2003-10-16,1005,NA,M,floater,NA,22.65308185,NA,NA,0.021980624,0.316981832,2,2,0,NA,NA,NA,NA,3.04109589,2000-10-01,26.14267278,NA,NA,NA,290,4.150581793,0.415058179,unknown,unknown,no birth
18,Anibal/,P300,2007-11-20,1012.5,NA,M,territory_holder,23.55085604,22.24489488,0.024671682,0.241020048,0.024349295,0.320895185,2,1,0,2007-12-17,27,526.9850349,175952.3277,7.139726027,2000-10-01,26.14267278,NA,NA,NA,325,8.246406571,0.824640657,unknown,birth,no birth
19,Aniceto/,Colman,2021-05-08,1300,NA,M,territory_holder,21.36472987,22.73401746,0,0.379786338,0.025153844,0.309144133,2,1,2,2021-09-25,140,0,NA,NA,NA,NA,NA,NA,NA,129,21.71115674,2.171115674,unknown,birth,unknown
20,Anita/,Colman,2007-10-08,735,72,F,predispersal,22.88354371,22.47345213,0.027115475,0.329710145,0.023721325,0.303294004,1,1,0,2007-11-01,24,53.24921724,8684.546148,2.019178082,2005-10-01,21.77480491,1011.669216,0.027440362,0.315682521,282,8.128678987,0.812867899,birth,birth,no birth
21,Anita/,Colman,2008-05-19,980,73,F,predispersal,19.45908071,21.65953823,0,0.511730205,0.018302681,0.34992908,1,1,0,2008-11-30,195,11.5636609,1063.688084,2.632876712,2005-10-01,21.77480491,1011.669216,0.027440362,0.315682521,140,8.741957563,0.874195756,birth,birth,no birth
22,Anselmo/,Colman,2009-02-23,1000,75,M,predispersal,27.2966111,22.26479532,0.01899252,0.00672043,0.019251547,0.342628885,1,1,1,2009-10-22,241,944.9444567,NA,2.375342466,2006-10-10,22.78141152,8684.546148,0.024466481,0.301244824,54,9.508555784,0.950855578,birth,birth,birth
23,Antonia/,Colman,2004-12-22,1120,NA,F,territory_holder,26.38609573,22.29788715,0.005376344,0.00672043,0.017207129,0.331248528,0,1,0,2005-10-01,283,264.2408978,2099.646508,NA,NA,NA,NA,NA,NA,357,5.336071184,0.533607118,no birth,birth,no birth
24,Antonia/,Colman,2008-01-25,1240,75,F,territory_holder,28.13320636,22.18416126,0.067321178,0.005610098,0.025448131,0.324424068,1,1,1,2008-11-30,310,135.7533815,8759.533517,NA,NA,NA,NA,NA,NA,25,8.427104723,0.842710472,birth,birth,birth
25,Anubis/,Colman,2021-08-11,1125,72,M,predispersal,15.95986676,22.29167233,0,0.683521829,0.025153844,0.340723919,2,1,2,2021-09-25,45,13.37735975,NA,2.863013699,2018-10-01,23.7788246,1727.58363,0.024677748,0.296087423,224,21.97125257,2.197125257,unknown,birth,unknown
26,Aparato/,A900,2004-04-22,1387.5,76,M,territory_holder,26.26489917,22.93162274,0.023216031,0.071842195,0.023816016,0.300305634,1,1,0,2004-12-15,237,49.38527276,10743.46062,NA,NA,NA,NA,NA,NA,113,4.668035592,0.466803559,birth,birth,no birth
27,Aparicio/,A900,2003-10-28,1030,NA,M,predispersal,NA,22.71546135,NA,NA,0.023430621,0.312921276,2,1,0,2003-11-08,11,2441.288087,NA,1.909589041,2001-11-30,22.02738801,NA,0.01487286,0.30168358,302,4.183436003,0.4183436,unknown,birth,no birth
28,Apolo/,A900,2003-11-19,1230,75,M,predispersal,24.12706796,22.77366416,0.041035354,0.225949715,0.026005528,0.313388978,1,2,1,NA,NA,984.6953657,NA,3.049315068,2000-11-01,25.68565696,NA,NA,NA,324,4.24366872,0.424366872,birth,unknown,birth
29,Atenas/,A900,2004-02-03,NA,NA,F,territory_holder,28.74056207,22.62505374,0.075529134,0.008356709,0.02222316,0.32187007,1,1,1,2004-12-15,316,1871.727511,11438.42264,NA,NA,NA,NA,NA,NA,34,4.45174538,0.445174538,birth,birth,birth
30,Belize/,Corredor,2018-04-24,1350,73,F,territory_holder,24.75143911,23.12924188,0,0.08266129,0.010251085,0.266740085,1,1,0,2018-10-21,180,NA,NA,NA,NA,NA,NA,NA,NA,115,18.67214237,1.867214237,birth,birth,no birth
31,Bella/,Corredor,2015-03-23,930,72,F,predispersal,27.46441827,23.43068889,0.018851822,0.022849462,0.015325512,0.2538006,0,1,0,2015-10-31,222,NA,NA,1.452054795,2013-10-09,23.95297845,NA,NA,NA,83,15.58384668,1.558384668,no birth,birth,no birth
32,Benicio/,Corredor,2021-06-21,1450,70,M,territory_holder,17.45611353,22.64184413,0,0.674921712,0.025153844,0.3242241,0,1,0,2021-09-20,91,NA,NA,NA,NA,NA,NA,NA,NA,173,21.83162218,2.183162218,no birth,birth,no birth
33,Bernardo/,Corredor,2020-01-07,1100,NA,M,territory_holder,27.68957108,22.942266,0.100974639,0.054339081,0.040385112,0.309750196,0,0,0,NA,NA,NA,NA,4.205479452,2015-10-25,23.26602046,NA,0.012613629,0.345344907,7,20.37782341,2.037782341,no birth,no birth,no birth
34,Betty/,Corredor,2013-10-09,975,NA,F,predispersal,NA,NA,NA,NA,NA,NA,2,0,0,NA,NA,NA,NA,1.969863014,2011-10-21,22.89562234,NA,0.054530924,0.306651404,283,14.13278576,1.413278576,unknown,no birth,no birth
35,Cafe/,CAMP,2002-03-15,885,68,M,predispersal,27.8233685,NA,0.02454418,0.002688172,NA,NA,1,0,0,NA,NA,NA,NA,1.438356164,2000-10-06,23.58586166,NA,NA,NA,75,2.562628337,0.256262834,birth,no birth,no birth
36,Camilo/,CAMP,2002-01-28,1162.5,74,M,predispersal,27.04646973,NA,0.033022774,0.03576087,NA,NA,1,0,1,NA,NA,NA,NA,2.328767123,1999-10-01,22.21850989,NA,NA,NA,28,2.436687201,0.24366872,birth,no birth,birth
37,Camilo/,CAMP,2003-09-23,1105,69,M,predispersal,NA,22.82908196,NA,NA,0.023655795,0.30576193,2,1,0,2003-10-01,8,NA,NA,3.980821918,1999-10-01,22.21850989,NA,NA,NA,267,4.087611225,0.408761123,unknown,birth,no birth
38,Candado/,CAMP,2002-07-26,1200,75,M,predispersal,NA,22.67576958,NA,NA,0.01241169,0.292841767,1,0,0,NA,NA,NA,NA,3.819178082,1998-10-01,21.92722625,NA,NA,NA,208,2.926762491,0.292676249,birth,no birth,no birth
39,Candido/,CAMP,2003-09-26,1099.166667,69,M,territory_holder,NA,22.8506731,NA,NA,0.023655795,0.304491262,2,1,0,2003-10-01,5,NA,NA,NA,NA,NA,NA,NA,NA,270,4.095824778,0.409582478,unknown,birth,no birth
40,Canela/,CAMP,2004-02-06,1175,74,F,territory_holder,28.69842205,22.59038258,0.076931659,0.008356709,0.020447187,0.32187007,1,0,1,NA,NA,NA,NA,NA,NA,NA,NA,NA,NA,37,4.459958932,0.445995893,birth,no birth,birth
41,Cansada/,CC,2011-04-10,1302.5,75,F,predispersal,24.62578414,21.60659753,0.001344086,0.130376344,0.00805318,0.374646642,0,0,0,NA,NA,1366.553546,83825.95135,3.361643836,2007-11-30,20.42891002,9375.30508,0.017150748,0.338592171,101,11.63312799,1.163312799,no birth,no birth,no birth
42,Carrito/,F1200,1999-08-22,1300,NA,M,predispersal,NA,NA,NA,NA,NA,NA,1,1,0,1999-10-14,53,NA,NA,NA,NA,NA,NA,NA,NA,235,0,0,birth,birth,no birth
43,Cata/,CC,2006-07-26,960,NA,F,predispersal,20.52952792,22.68703722,0,0.471859195,0.025391181,0.315091979,0,1,0,2006-11-20,117,2861.516901,14065.78861,1.767123288,2004-10-19,21.72504181,202419.3385,0.021528417,0.32472723,208,6.926762491,0.692676249,no birth,birth,no birth
44,Cebollita/,C0after,2015-03-17,930,68,F,predispersal,27.59406291,23.38833097,0.008994158,0,0.014479009,0.253012445,2,2,0,NA,NA,15739.42197,211207.7668,1.38630137,2013-10-27,20.23152637,185023.2101,NA,NA,77,15.56741958,1.556741958,unknown,unknown,no birth
45,Cecropia/,C0,2002-08-14,1210,70,F,territory_holder,NA,22.44985188,NA,NA,0.012306208,0.30825909,0,0,0,NA,NA,NA,NA,NA,NA,NA,NA,NA,NA,227,2.978781656,0.297878166,no birth,no birth,no birth
46,Celedonio/,C0after,2011-04-13,1180,70,M,predispersal,24.13976263,21.60213784,0.001344086,0.170698925,0.00805318,0.374607044,2,2,0,NA,NA,1207.522007,83807.34393,2.326027397,2008-12-15,22.47211538,70754.72965,0.026943334,0.331034588,104,11.64134155,1.164134155,unknown,unknown,no birth
47,Celeste/,C0after,2011-02-03,1005,73,F,predispersal,28.16124145,21.81923831,0.039621318,0,0.015826206,0.373692248,2,2,0,NA,NA,22153.76078,84424.47736,2.317808219,2008-10-10,20.80778986,62537.28219,0.023582544,0.339780624,34,11.45242984,1.145242984,unknown,unknown,no birth
48,Celeste/,C0after,2012-07-20,1140,NA,F,predispersal,15.11830227,23.15366404,0,0.762096774,0.050558136,0.31093272,2,2,0,NA,NA,NA,NA,3.778082192,2008-10-10,20.80778986,62537.28219,0.023582544,0.339780624,202,12.91170431,1.291170431,unknown,unknown,no birth
49,Celina/,C0,2003-04-22,1200,73,F,territory_holder,22.32911561,22.5764125,0,0.319614625,0.019549757,0.315446736,0,1,0,2003-11-16,208,4422.358513,NA,NA,NA,NA,NA,NA,NA,113,3.665982204,0.36659822,no birth,birth,no birth
50,Celina/,C0,2005-07-19,1255,NA,F,territory_holder,17.2195599,22.63493383,0,0.608955969,0.02255366,0.310735818,0,0,0,NA,NA,495.7520942,215928.0846,NA,NA,NA,NA,NA,NA,201,5.908281999,0.5908282,no birth,no birth,no birth
51,Celina/,C0,2006-05-10,1405,NA,F,territory_holder,19.42074325,22.44662051,0,0.514779634,0.025391181,0.322809885,0,0,0,NA,NA,1064.527251,10893.22585,NA,NA,NA,NA,NA,NA,131,6.715947981,0.671594798,no birth,no birth,no birth
52,Celina/,C0,2007-06-11,1220,NA,F,territory_holder,15.17953483,23.20808655,0,0.776063581,0.023132309,0.27652178,0,0,0,NA,NA,1739.94344,195232.1636,NA,NA,NA,NA,NA,NA,163,7.802874743,0.780287474,no birth,no birth,no birth
53,Celina/,C0after,2011-07-06,1290,74,F,territory_holder,14.99804181,21.52552668,0,0.741255927,0.007256276,0.360093438,2,2,0,NA,NA,1637.738822,84973.11643,NA,NA,NA,NA,NA,NA,188,11.87132101,1.187132101,unknown,unknown,no birth
54,Centauro/,C0,2002-03-18,760,66,M,predispersal,28.22855253,NA,0.042872625,0.002688172,NA,NA,0,0,0,NA,NA,NA,NA,1.320547945,2000-11-21,22.65302645,NA,NA,NA,78,2.570841889,0.257084189,no birth,no birth,no birth
55,Cepillo/,C0after,2022-05-24,1250,NA,M,territory_holder,18.67334473,22.73493607,0,0.638017533,0.056895257,0.341534148,2,2,0,NA,NA,NA,NA,NA,NA,NA,NA,NA,NA,145,22.75427789,2.275427789,unknown,unknown,no birth
56,Cerveza/,C0after,2017-05-25,1300,NA,F,territory_holder,20.29730425,21.8888749,0,0.401807566,0.012346381,0.35079457,2,2,0,NA,NA,1085.040922,16539.57705,NA,NA,NA,NA,NA,NA,146,17.75770021,1.775770021,unknown,unknown,no birth
57,Cesar/,C0,2002-01-17,1243,69,M,territory_holder,NA,NA,NA,NA,NA,NA,0,0,0,NA,NA,NA,NA,NA,NA,NA,NA,NA,NA,17,2.406570842,0.240657084,no birth,no birth,no birth
58,Cesar/,C0,2004-04-15,1170.25,NA,M,territory_holder,26.50553147,22.89115506,0.023216031,0.080666412,0.023816016,0.306593228,1,0,1,NA,NA,117.3869058,26230.24978,NA,NA,NA,NA,NA,NA,106,4.648870637,0.464887064,birth,no birth,birth
59,Cesar/,C0,2004-09-23,1035,NA,M,territory_holder,20.51829608,22.36490344,0.039351852,0.53234127,0.022961219,0.336485524,1,0,0,NA,NA,6584.338795,44528.94065,NA,NA,NA,NA,NA,NA,267,5.089664613,0.508966461,birth,no birth,no birth
60,Cesar/,C0,2007-10-10,1035,NA,M,territory_holder,22.78279836,22.49828555,0.026270772,0.329710145,0.024466481,0.301244824,0,2,0,NA,NA,1127.64787,193486.9159,NA,NA,NA,NA,NA,NA,284,8.134154689,0.813415469,no birth,unknown,no birth
61,Ceviche/,C0after,2019-12-19,1350,69,F,territory_holder,26.66118215,22.94034206,0.068420941,0.101627078,0.03554294,0.307192516,2,2,0,NA,NA,114.029827,16503.3044,NA,NA,NA,NA,NA,NA,354,20.32580424,2.032580424,unknown,unknown,no birth
62,Chipa/,NA,2002-08-05,NA,NA,NA,NA,NA,22.50061727,NA,NA,0.012341169,0.304999386,2,2,0,NA,NA,NA,NA,NA,NA,NA,NA,NA,NA,218,2.954140999,0.2954141,unknown,unknown,no birth
63,Coca/,CC,2002-05-22,1300,75,F,territory_holder,21.76474085,NA,0,0.333492711,NA,NA,1,0,0,NA,NA,NA,NA,NA,NA,NA,NA,NA,NA,143,2.74880219,0.274880219,birth,no birth,no birth
64,Coco/,CC,2022-05-31,1050,76,M,predispersal,17.02952115,22.74447858,0,0.719561465,0.056895257,0.341286493,0,2,0,NA,NA,NA,NA,1.663013699,2020-10-01,23.02617924,840.6182876,0.025531513,0.322758621,152,22.77344285,2.277344285,no birth,unknown,no birth
65,Cola Corta/,CC,2001-02-28,1355,60,M,territory_holder,28.07377097,22.22257623,0.039113586,0,0.018313956,0.323903935,1,1,1,2001-10-13,227,NA,NA,NA,NA,NA,NA,NA,NA,59,1.522245038,0.152224504,birth,birth,birth
66,Colon/,CC,2002-05-21,1047,71,M,predispersal,21.88181074,NA,0,0.326772281,NA,NA,1,0,0,NA,NA,NA,NA,1.553424658,2000-10-31,26.39949417,NA,NA,NA,142,2.746064339,0.274606434,birth,no birth,no birth
67,Coluda/,CC,2002-07-05,1323.333333,75,F,territory_holder,15.14484151,NA,0,0.812561095,NA,NA,1,0,0,NA,NA,NA,NA,NA,NA,NA,NA,NA,NA,187,2.869267625,0.286926762,birth,no birth,no birth
68,Compadre/,CC,2014-03-24,1570,75,M,territory_holder,24.10436003,NA,0.001240695,0.156270134,NA,NA,0,0,0,NA,NA,6799.695547,72539.43451,NA,NA,NA,NA,NA,NA,84,14.58726899,1.458726899,no birth,no birth,no birth
69,Conchita/,CC,2001-12-10,1050,71,F,predispersal,24.7766513,NA,0.014141414,0.157522691,NA,NA,1,0,1,NA,NA,NA,NA,2.117808219,1999-10-29,22.14308358,NA,NA,NA,345,2.302532512,0.230253251,birth,no birth,birth
70,Conchita/,Solitario,2003-08-06,1210,70,F,floater,16.62655568,23.07850777,0,0.741967359,0.019440844,0.294123581,2,2,0,NA,NA,NA,NA,3.77260274,1999-10-29,22.14308358,NA,NA,NA,219,3.956194387,0.395619439,unknown,unknown,no birth
71,Confeti,CC,2017-07-05,1450,NA,F,territory_holder,18.14699383,22.23754864,0,0.59055941,0.012380207,0.329043942,1,1,0,2017-11-11,129,1090.941916,16550.32119,NA,NA,NA,NA,NA,NA,187,17.86995209,1.786995209,birth,birth,no birth
72,Constanza/,CC,2003-06-25,1050,72,F,predispersal,20.22892236,22.84663586,0,0.46492351,0.019604672,0.304082742,0,1,0,2003-10-08,105,1539.767403,NA,1.698630137,2001-10-13,22.7648788,NA,0.014435663,0.29648825,177,3.841204654,0.384120465,no birth,birth,no birth
73,Cordelia/,CC,2012-06-23,1300,72,F,predispersal,17.49128097,23.09555346,0,0.646914446,0.050558136,0.313994766,0,1,0,2012-10-04,103,278.980775,17894.57867,2.504109589,2009-12-22,22.73461238,72712.14247,0.018307133,0.375743459,175,12.83778234,1.283778234,no birth,birth,no birth
74,Cordelia/,CC,2013-10-29,1440,NA,F,predispersal,NA,NA,NA,NA,NA,NA,0,0,0,NA,NA,1315.661576,NA,3.854794521,2009-12-22,22.73461238,72712.14247,0.018307133,0.375743459,303,14.18754278,1.418754278,no birth,no birth,no birth
75,Coronel/,CC,2019-12-10,1150,78.5,M,predispersal,26.19593417,22.98339815,0.037921628,0.105359061,0.035981864,0.305914806,0,1,0,2020-10-23,318,137.0286339,16597.63977,2.079452055,2017-11-11,23.41323765,13690.47188,0.009535413,0.293122736,345,20.30116359,2.030116359,no birth,birth,no birth
76,Coronita/,CC,2001-12-22,1450,73,F,territory_holder,NA,NA,NA,NA,NA,NA,1,0,1,NA,NA,NA,NA,NA,NA,NA,NA,NA,NA,357,2.335386721,0.233538672,birth,no birth,birth
77,Culeao/,CC,2007-06-14,1345,71,M,territory_holder,15.85762623,23.28160659,0,0.699450678,0.023132309,0.270032709,1,1,0,2007-11-30,169,1638.780461,197969.4682,NA,NA,NA,NA,NA,NA,166,7.811088296,0.78110883,birth,birth,no birth
78,Culeao/,CC,2009-02-27,1233.333333,NA,M,territory_holder,26.9008888,22.25707447,0.016187471,0.00672043,0.019251547,0.342628885,0,1,0,2009-12-22,298,17898.29007,NA,NA,NA,NA,NA,NA,NA,58,9.519507187,0.951950719,no birth,birth,no birth
79,Culeao/,CC,2010-04-09,1415,NA,M,territory_holder,25.01503538,22.50598123,0.005434783,0.099940499,0.02615731,0.329674219,1,0,1,NA,NA,2039.389375,81772.05942,NA,NA,NA,NA,NA,NA,100,10.63107461,1.063107461,birth,no birth,birth
80,Culeao/,CC,2012-06-02,1430,NA,M,territory_holder,20.58032009,23.22170638,0,0.451305076,0.050558136,0.305658313,0,1,0,2012-10-04,124,278.980775,17894.57867,NA,NA,NA,NA,NA,NA,154,12.78028747,1.278028747,no birth,birth,no birth
81,D500_Ad/(Donovan?),D500,2019-05-06,1400,76,M,territory_holder,23.1210748,22.2970112,0,0.216543946,0.023228875,0.310356823,1,1,0,2019-11-19,197,251.8818339,17457.86911,7.567123288,2011-10-13,22.82240093,7569.639666,0.054530924,0.305997867,127,19.70431211,1.970431211,birth,birth,no birth
82,Dalila/,D1200,2004-01-30,925,71,F,predispersal,27.94413267,22.61905353,0.047303328,0.024236049,0.02152164,0.32187007,1,0,1,NA,NA,4075.141335,NA,1.224657534,2002-11-09,21.20860089,NA,0.024015827,0.313755368,30,4.440793977,0.444079398,birth,no birth,birth
83,Dalton/,D1200,2020-01-16,1300,NA,M,territory_holder,28.22858448,22.9854125,0.111612936,0.039791619,0.043357151,0.309750196,0,1,0,2020-11-23,312,70.98429111,14197.95471,NA,NA,NA,NA,NA,NA,16,20.40246407,2.040246407,no birth,birth,no birth
84,Dania/,D1200,2001-09-03,1351,NA,F,territory_holder,21.01014234,NA,0.001388889,0.434698695,NA,NA,1,1,0,2001-10-20,47,NA,NA,NA,NA,NA,NA,NA,NA,247,2.034223135,0.203422313,birth,birth,no birth
85,Dante/,D1200,2002-03-05,1000,70.5,M,predispersal,26.49870553,NA,0.001388889,0.009722222,NA,NA,1,1,1,2002-11-09,249,NA,NA,1.389041096,2000-10-14,23.82076432,NA,NA,NA,65,2.535249829,0.253524983,birth,birth,birth
86,Dante/,D1200,2003-04-07,1100,76,M,predispersal,24.46740668,22.71873787,0,0.117775582,0.019604672,0.298079484,1,1,1,2003-12-24,261,4749.873014,NA,2.479452055,2000-10-14,23.82076432,NA,NA,NA,98,3.624914442,0.362491444,birth,birth,birth
87,Dardo/,D1200,2001-01-23,1100,71,M,predispersal,NA,22.05173028,NA,NA,0.016647435,0.327921043,1,1,1,2001-10-20,270,NA,NA,2.304109589,1998-10-05,21.58136487,NA,NA,NA,23,1.423682409,0.142368241,birth,birth,birth
88,Dardo/,Solitario,2002-07-16,1300,75,M,floater,NA,NA,NA,NA,NA,NA,2,2,0,NA,NA,NA,NA,3.780821918,1998-10-05,21.58136487,NA,NA,NA,198,2.899383984,0.289938398,unknown,unknown,no birth
89,Dardo/,F1200,2004-07-20,1330,NA,M,territory_holder,18.32792618,22.22662425,0,0.550506821,0.02374986,0.341155578,0,1,0,2004-09-29,71,6984.080354,46933.11656,5.794520548,1998-10-05,21.58136487,NA,NA,NA,202,4.911704312,0.491170431,no birth,birth,no birth
90,Dartagnan/,D1200,2001-10-06,957,71,M,predispersal,19.76842285,NA,0,0.472762976,NA,NA,1,1,0,2001-10-20,14,NA,NA,1.980821918,1999-10-14,21.73984121,NA,NA,NA,280,2.124572211,0.212457221,birth,birth,no birth
91,Diafano/,D500,2008-04-22,1265,NA,M,predispersal,22.90249338,21.70280025,0.009525479,0.263616176,0.018302681,0.348306925,1,0,1,NA,NA,123.0065369,11170.89229,1.375342466,2006-12-07,23.45172798,187724.494,0.024369094,0.322300642,113,8.668035592,0.866803559,birth,no birth,birth
92,Dido/,D500,2004-12-17,1240,NA,M,territory_holder,25.7158351,22.29786774,0.005376344,0.048854605,0.017779473,0.332318563,0,1,0,2005-09-16,273,2304.440971,58494.4526,NA,NA,NA,NA,NA,NA,352,5.32238193,0.532238193,no birth,birth,no birth
93,Dido/,D500,2010-03-19,1212.5,NA,M,territory_holder,27.18161705,22.64902845,0.019050958,0.020628799,0.029026081,0.326437263,1,1,1,2010-10-23,218,6155.830978,84420.36796,NA,NA,NA,NA,NA,NA,79,10.57357974,1.057357974,birth,birth,birth
94,Dido/,D500,2011-04-15,1340,NA,M,territory_holder,24.47509456,21.61680087,0.001344086,0.137798036,0.00805318,0.374151671,1,1,0,2011-11-04,203,1108.157277,82050.68106,NA,NA,NA,NA,NA,NA,106,11.64681725,1.164681725,birth,birth,no birth
95,Dilema/,D500,2013-06-05,1585,NA,F,territory_holder,NA,NA,NA,NA,NA,NA,0,1,0,2013-09-19,106,121.8486024,NA,5.463013699,2007-12-20,23.83997922,8991.281387,0.019635503,0.341784734,157,13.78781656,1.378781656,no birth,birth,no birth
96,Dina/,D500,2000-12-18,1050,74,F,predispersal,25.52599773,22.18793463,0.030283816,0.132059554,0.020338953,0.3258231,0,1,0,2001-10-03,289,NA,NA,2.194520548,1998-10-09,20.32489386,NA,NA,NA,353,1.325119781,0.132511978,no birth,birth,no birth
97,Dina/,Solitario,2001-11-01,1130,74,F,floater,23.26882964,NA,0.024049708,0.242796756,NA,NA,2,2,0,NA,NA,NA,NA,3.065753425,1998-10-09,20.32489386,NA,NA,NA,306,2.195756331,0.219575633,unknown,unknown,no birth
98,Dinamita/,D500,2001-12-20,1410,72.5,F,territory_holder,NA,NA,NA,NA,NA,NA,1,1,1,2002-11-13,328,NA,NA,NA,NA,NA,NA,NA,NA,355,2.32991102,0.232991102,birth,birth,birth
99,Dinamita/,D500,2004-07-26,1220,NA,F,territory_holder,17.8083174,22.29767648,0,0.61088444,0.02374986,0.335685569,1,0,0,NA,NA,7176.744645,42623.27144,NA,NA,NA,NA,NA,NA,208,4.928131417,0.492813142,birth,no birth,no birth
100,Dinamita/,D500,2004-12-06,1295,NA,F,territory_holder,24.1131769,22.23915468,0,0.146972885,0.017321597,0.337125803,0,1,0,2005-09-16,284,2304.440971,58494.4526,NA,NA,NA,NA,NA,NA,341,5.292265572,0.529226557,no birth,birth,no birth
101,Dinamita/,D500,2006-08-12,NA,NA,F,territory_holder,20.51348761,22.7005721,0.014784946,0.469670407,0.026529615,0.315976675,1,1,0,2006-12-07,117,2124.181982,14741.41907,NA,NA,NA,NA,NA,NA,225,6.973305955,0.697330595,birth,birth,no birth
102,Dinamita/,D500,2008-04-16,1320,NA,F,NA,23.97323717,21.79871426,0.010869565,0.19686132,0.018302681,0.342164333,1,0,1,NA,NA,123.0065369,11170.89229,NA,NA,NA,NA,NA,NA,107,8.651608487,0.865160849,birth,no birth,birth
103,Dinosaurio/,D500,2019-12-05,1100,NA,M,predispersal,26.24381035,22.96885176,0.037921628,0.072795127,0.035981864,0.305932674,1,0,1,NA,NA,200.7413005,15139.29894,2.057534247,2017-11-14,22.20438923,13130.19112,0.010240507,0.291073556,340,20.28747433,2.028747433,birth,no birth,birth
104,Dionisio/,D500,2003-12-04,770,67,M,predispersal,25.16866845,22.69942089,0.039329126,0.132538569,0.023975157,0.315643293,1,0,1,NA,NA,1720.991638,NA,1.057534247,2002-11-13,21.48923685,NA,0.025537363,0.311760578,339,4.284736482,0.428473648,birth,no birth,birth
105,Dionisio/,D800,2005-11-10,1077.5,75,M,territory_holder,22.02640002,22.33176833,0.016538102,0.371562752,0.020833559,0.325949355,0,0,0,NA,NA,269.7212077,150347.4245,2.994520548,2002-11-13,21.48923685,NA,0.025537363,0.311760578,315,6.220396988,0.622039699,no birth,no birth,no birth
106,Dionisio/,D800,2009-02-25,1205,NA,M,territory_holder,27.0150017,22.25073567,0.016187471,0.00672043,0.019251547,0.342628885,1,0,1,NA,NA,12775.78797,NA,6.290410959,2002-11-13,21.48923685,NA,0.025537363,0.311760578,56,9.514031485,0.951403149,birth,no birth,birth
107,Dionisio/,D800,2010-05-05,1300,72,M,territory_holder,21.34765412,22.41707271,0.009408602,0.417378554,0.02615731,0.332538027,0,0,0,NA,NA,3262.938485,59479.46393,7.479452055,2002-11-13,21.48923685,NA,0.025537363,0.311760578,126,10.70225873,1.070225873,no birth,no birth,no birth
108,Dionisio/,D800,2012-06-01,1270,NA,M,territory_holder,20.37198676,23.21517372,0,0.459369593,0.050558136,0.30618442,1,0,0,NA,NA,302.990237,14678.63849,9.556164384,2002-11-13,21.48923685,NA,0.025537363,0.311760578,153,12.77754962,1.277754962,birth,no birth,no birth
109,Diosa/,D500,2003-09-19,990,72,F,predispersal,NA,22.73690967,NA,NA,0.022133779,0.310181097,1,1,0,2003-10-07,18,2377.690027,NA,1.961643836,2001-10-03,21.0874204,NA,0.012399382,0.303801233,263,4.076659822,0.407665982,birth,birth,no birth
110,Diosa/,Solitario,2005-06-23,1320,NA,F,floater,19.56811696,22.65898978,0,0.503904756,0.02255366,0.312478905,2,2,0,NA,NA,NA,NA,3.723287671,2001-10-03,21.0874204,NA,0.012399382,0.303801233,175,5.837097878,0.583709788,unknown,unknown,no birth
111,Discoteca/,D500,2014-05-08,1315,NA,F,predispersal,21.75756792,NA,0,0.269748686,NA,NA,1,1,0,2014-10-01,146,15412.45601,87783.37751,2.509589041,2011-11-04,24.83568719,5064.975676,0.055615895,0.302660273,129,14.71047228,1.471047228,birth,birth,no birth
112,Diuresis/,D500,2001-02-14,1000,71.85,F,predispersal,28.3867318,22.16695956,0.058222983,0,0.019514274,0.325984576,0,1,0,2001-10-03,231,NA,NA,1.375342466,1999-10-01,22.21850989,NA,NA,NA,45,1.483915127,0.148391513,no birth,birth,no birth
113,Diuresis/,D500,2002-01-14,1250,70,F,predispersal,27.12803642,NA,0.03531746,0.043322981,NA,NA,1,1,1,2002-11-13,303,NA,NA,2.290410959,1999-10-01,22.21850989,NA,NA,NA,14,2.39835729,0.239835729,birth,birth,birth
114,Diuresis/,D500,2003-09-18,1300,NA,F,predispersal,NA,22.73074618,NA,NA,0.021548573,0.310181097,1,1,0,2003-10-07,19,2377.690027,NA,3.967123288,1999-10-01,22.21850989,NA,NA,NA,262,4.073921971,0.407392197,birth,birth,no birth
115,Diuresis/,Solitario,2005-08-26,1320,NA,F,floater,19.77327145,22.7606653,0.004032258,0.474536183,0.022835106,0.300589567,2,2,0,NA,NA,NA,NA,5.906849315,1999-10-01,22.21850989,NA,NA,NA,239,6.012320329,0.601232033,unknown,unknown,no birth
116,Diuresis/,D500,2008-05-20,1250,NA,F,territory_holder,19.65128501,21.69890279,0,0.509042033,0.018302681,0.347434426,1,0,1,NA,NA,95.03111862,9970.105406,8.64109589,1999-10-01,22.21850989,NA,NA,NA,141,8.744695414,0.874469541,birth,no birth,birth
117,Divertida/,D500,2009-02-16,NA,71.5,F,territory_holder,26.60319712,22.25054213,0.004207574,0.022849462,0.018113114,0.342628885,0,1,0,2009-11-01,258,16877.30321,NA,NA,NA,NA,NA,NA,NA,47,9.489390828,0.948939083,no birth,birth,no birth
118,Dixi/,D500,2012-06-16,1100,60,M,predispersal,18.86654979,23.22449157,0,0.535355306,0.050558136,0.301796463,1,0,0,NA,NA,356.2327399,17970.19742,1.649315068,2010-10-23,22.18008958,92854.34751,0.009780027,0.312331318,168,12.81861739,1.281861739,birth,no birth,no birth
119,Dixi/,D500,2013-12-05,1250,73.5,M,predispersal,NA,NA,NA,NA,NA,NA,1,1,1,2014-10-01,300,24888.95019,NA,3.120547945,2010-10-23,22.18008958,92854.34751,0.009780027,0.312331318,340,14.28884326,1.428884326,birth,birth,birth
120,Dixson/,D500,2002-03-13,1450,72,M,territory_holder,27.31933624,NA,0.011103319,0.004032258,NA,NA,1,1,0,2002-11-13,245,NA,NA,NA,NA,NA,NA,NA,NA,73,2.557152635,0.255715264,birth,birth,no birth
121,Dixson/,D500,2003-11-04,1125,NA,M,territory_holder,23.3453835,22.69649762,0.030362839,0.261396574,0.023430621,0.315865347,1,0,1,NA,NA,2430.717822,NA,NA,NA,NA,NA,NA,NA,309,4.202600958,0.420260096,birth,no birth,birth
122,Dixson/,Solitario,2003-11-11,1015,NA,M,floater,23.99664557,22.76396086,0.048418394,0.244367589,0.025069198,0.313114185,2,2,0,NA,NA,NA,NA,NA,NA,NA,NA,NA,NA,316,4.221765914,0.422176591,unknown,unknown,no birth
123,Dobby/,D800,2015-03-18,630,NA,M,predispersal,27.6998923,23.38876408,0.011010287,0,0.014652139,0.253012445,1,1,0,2015-10-05,201,24802.83052,146376.9578,0.449315068,2014-10-05,23.17326266,152073.6154,0.017892509,0.253332916,78,15.57015743,1.557015743,birth,birth,no birth
124,Doly/,D800,2005-11-25,1330,75,F,territory_holder,23.77665515,22.46864437,0.026435463,0.218691327,0.023078763,0.320897515,0,0,0,NA,NA,269.7212077,150347.4245,NA,NA,NA,NA,NA,NA,330,6.26146475,0.626146475,no birth,no birth,no birth
125,Doly/,D800,2008-01-21,1287.5,74,F,territory_holder,28.16331389,22.18310598,0.08345021,0.005610098,0.025566924,0.324424068,0,1,0,2008-10-17,270,632.0402986,140410.6543,NA,NA,NA,NA,NA,NA,21,8.41615332,0.841615332,no birth,birth,no birth
126,Domingo/,D800,2001-03-20,1580,62,M,territory_holder,28.46294442,22.40457936,0.046243845,0,0.022268197,0.322581867,0,0,0,NA,NA,NA,NA,NA,NA,NA,NA,NA,NA,80,1.577002053,0.157700205,no birth,no birth,no birth
127,Don/,D800,2004-01-22,955,72.5,M,predispersal,27.29105625,22.56092585,0.017090612,0.029495516,0.019007799,0.322780956,1,0,1,NA,NA,2320.891148,NA,1.17260274,2002-11-20,23.9002331,NA,0.025336721,0.314121757,22,4.41889117,0.441889117,birth,no birth,birth
128,Donatello/,D800,2004-05-30,1330,75,M,territory_holder,15.96122285,22.47478827,0,0.763791491,0.023816016,0.329138393,1,0,0,NA,NA,3819.610671,23367.43494,NA,NA,NA,NA,NA,NA,151,4.772073922,0.477207392,birth,no birth,no birth
129,Donna/,D800,2013-06-13,1385,70,F,territory_holder,NA,NA,NA,NA,NA,NA,0,1,0,2013-10-11,120,71.79109268,NA,NA,NA,NA,NA,NA,NA,165,13.80971937,1.380971937,no birth,birth,no birth
130,Donovan/,D800,2014-04-07,1277.5,70,M,predispersal,24.86766178,NA,0.001240695,0.085393251,NA,NA,1,1,0,2014-10-05,181,9942.133875,61606.13865,2.484931507,2011-10-13,22.82240093,6176.149705,0.054530924,0.305997867,98,14.6255989,1.46255989,birth,birth,no birth
131,Donovan/,D500,2017-09-18,1375,33,M,territory_holder,22.02455348,22.87069757,0.022405047,0.421535387,0.01359817,0.289508187,2,1,0,2017-11-14,57,2326.386216,18522.0872,5.936986301,2011-10-13,22.82240093,7569.639666,0.054530924,0.305997867,262,18.0752909,1.80752909,unknown,birth,no birth
132,Dobby/,D800,2018-06-21,1400,76,M,predispersal,16.07199294,23.24042876,0,0.667186648,0.010687265,0.252697226,1,0,0,NA,NA,48.86245755,10665.32173,3.712328767,2014-10-05,23.17326266,152073.6154,0.017892509,0.253332916,173,18.83093771,1.883093771,birth,no birth,no birth
133,Dorotea/,D800,2003-09-29,1325,NA,F,territory_holder,NA,22.79770984,NA,NA,0.023655795,0.307454112,1,1,0,2003-10-21,22,2029.753332,NA,NA,NA,NA,NA,NA,NA,273,4.10403833,0.410403833,birth,birth,no birth
134,Dorotea/,D800,2004-04-14,1450,NA,F,territory_holder,26.48281642,22.8712255,0.023216031,0.080666412,0.023816016,0.30816765,1,0,0,NA,NA,96.69736837,20763.44463,NA,NA,NA,NA,NA,NA,105,4.646132786,0.464613279,birth,no birth,no birth
135,Duana/,D100,2007-12-04,1120,NA,F,predispersal,24.09464461,22.25598866,0.019295338,0.230769931,0.025052154,0.322063056,0,2,0,NA,NA,2209.339891,200938.7594,3.005479452,2004-12-02,23.03295708,203367.2995,0.023078763,0.322694928,339,8.284736482,0.828473648,no birth,unknown,no birth
136,Duana/,D100,2009-02-12,1200,71,F,predispersal,26.5967981,22.23808256,0.009583918,0.016129032,0.018113114,0.343705222,1,0,1,NA,NA,18776.04459,NA,4.2,2004-12-02,23.03295708,203367.2995,0.023078763,0.322694928,43,9.478439425,0.947843943,birth,no birth,birth
137,Dulcinea/,D100,2010-03-18,1290,76,F,territory_holder,27.08618694,22.63791023,0.016362786,0.020628799,0.028797771,0.326556382,0,0,0,NA,NA,8138.227236,92288.86071,NA,NA,NA,NA,NA,NA,78,10.57084189,1.057084189,no birth,no birth,no birth
138,Duque/,D100,2003-03-27,1300,75,M,territory_holder,26.10693718,22.72621201,0.020209104,0.057524757,0.019549757,0.298568047,1,0,1,NA,NA,469.5742149,NA,NA,NA,NA,NA,NA,NA,87,3.594798084,0.359479808,birth,no birth,birth
139,Duquesa/,D100,2003-03-26,1345,62,F,territory_holder,26.10553466,22.72632314,0.020209104,0.057524757,0.019549757,0.298568047,1,0,1,NA,NA,469.5742149,NA,NA,NA,NA,NA,NA,NA,86,3.592060233,0.359206023,birth,no birth,birth
140,Duquesa/,D100,2005-07-11,1305,NA,F,territory_holder,18.22088482,22.63304238,0,0.60416401,0.02255366,0.31131473,1,0,0,NA,NA,481.0525699,224599.0986,NA,NA,NA,NA,NA,NA,193,5.886379192,0.588637919,birth,no birth,no birth
141,Durazno/,D100,2004-02-06,1402.5,78,M,territory_holder,28.69842205,22.59038258,0.076931659,0.008356709,0.020447187,0.32187007,0,1,0,2004-12-02,300,6652.216594,31474.22562,NA,NA,NA,NA,NA,NA,37,4.459958932,0.445995893,no birth,birth,no birth
142,Durazno/,D100,2005-11-09,1320,NA,M,territory_holder,21.88488529,22.34009174,0.016538102,0.386230822,0.020833559,0.325711118,1,0,0,NA,NA,416.613222,205493.2804,NA,NA,NA,NA,NA,NA,314,6.217659138,0.621765914,birth,no birth,no birth
143,Durazno/,D100,2006-04-26,1400,NA,M,territory_holder,22.68849889,22.53487634,0,0.280223341,0.025391181,0.319881906,0,0,0,NA,NA,3667.708454,10346.80823,NA,NA,NA,NA,NA,NA,117,6.67761807,0.667761807,no birth,no birth,no birth
144,Durazno/,D100,2007-08-16,1220,NA,M,territory_holder,14.41751161,22.23212728,0,0.762105123,0.021083129,0.318186154,0,0,0,NA,NA,2296.406882,203555.6334,NA,NA,NA,NA,NA,NA,229,7.983572895,0.79835729,no birth,no birth,no birth
145,Durazno/,C0after,2011-08-30,1295,NA,M,territory_holder,18.31880435,22.03605155,0,0.572131229,0.007256276,0.333346668,2,2,0,NA,NA,3287.57566,86216.31407,NA,NA,NA,NA,NA,NA,243,12.02190281,1.202190281,unknown,unknown,no birth
146,Efimero/,E350,2013-05-02,935,70,M,predispersal,NA,NA,NA,NA,NA,NA,1,1,0,2013-11-30,212,3989.218382,NA,1.328767123,2012-01-03,24.23283514,4196.831922,0.056553078,0.299699195,123,13.69472964,1.369472964,birth,birth,no birth
147,Elba/,E500,2017-11-02,NA,NA,F,predispersal,23.04614797,22.9628837,0.011111111,0.261322932,0.013291283,0.284659837,1,1,0,2017-11-18,16,1075.032154,21799.18629,2.095890411,2015-09-29,21.54674618,68350.44186,0.01410464,0.347884828,307,18.19849418,1.819849418,birth,birth,no birth
148,Elegida/,E500,2001-03-29,1550,72.5,F,predispersal,27.55324158,22.36652457,0.046243845,0.044880785,0.022009932,0.32245835,1,0,1,NA,NA,NA,NA,3.430136986,1997-10-24,22.43035858,NA,NA,NA,89,1.60164271,0.160164271,birth,no birth,birth
149,Elegida/,E500,2001-10-04,1010,NA,F,predispersal,19.52229362,NA,0,0.511893411,NA,NA,1,0,0,NA,NA,NA,NA,3.947945205,1997-10-24,22.43035858,NA,NA,NA,278,2.119096509,0.211909651,birth,no birth,no birth
150,ElGordoSam/,E500,2013-05-02,1440,NA,M,territory_holder,NA,NA,NA,NA,NA,NA,0,1,0,2013-09-26,147,3571.194865,NA,NA,NA,NA,NA,NA,NA,123,13.69472964,1.369472964,no birth,birth,no birth
151,ElGordoSam/,E500,2013-08-29,1280,NA,M,territory_holder,NA,NA,NA,NA,NA,NA,0,1,0,2013-09-26,28,1925.714788,NA,NA,NA,NA,NA,NA,NA,242,14.02053388,1.402053388,no birth,birth,no birth
152,Elino/,E500,2002-06-15,1350,77,M,NA,18.99077804,NA,0,0.539175061,NA,NA,0,0,0,NA,NA,NA,NA,NA,NA,NA,NA,NA,NA,167,2.814510609,0.281451061,no birth,no birth,no birth
153,Elino/,Solitario,2003-09-15,1235,NA,M,floater,17.55456423,22.77534808,0.023067633,0.618066535,0.021488213,0.307383935,2,2,0,NA,NA,NA,NA,NA,NA,NA,NA,NA,NA,259,4.065708419,0.406570842,unknown,unknown,no birth
154,Eliza/,E500,2023-01-31,1350,74,F,territory_holder,28.69211139,22.21976341,0.14437846,0.040972222,0.038929544,0.367894313,2,2,0,NA,NA,NA,NA,NA,NA,NA,NA,NA,NA,31,23.44421629,2.344421629,unknown,unknown,no birth
155,Eloysa/,E500,2015-03-19,1450,77,F,territory_holder,27.75495374,23.4103363,0.016770656,0,0.015146797,0.253012445,0,1,0,2015-09-29,194,15351.91149,268102.6618,7.232876712,2007-12-26,24.1851728,15135.83018,0.020513723,0.341081875,79,15.57289528,1.557289528,no birth,birth,no birth
156,Elton/,E500,2019-12-27,1450,74,M,territory_holder,26.16450771,22.92270252,0.062986159,0.130480124,0.037497655,0.309750196,0,1,0,2020-12-21,360,155.8733347,20686.07695,6.254794521,2013-09-26,19.19315423,197637.8331,NA,NA,362,20.34770705,2.034770705,no birth,birth,no birth
157,Emilio/,E350,2008-02-08,1040,61,F,predispersal,27.39211824,22.14744034,0.048562412,0.024427302,0.0268291,0.326017875,1,0,1,NA,NA,1895.881311,119822.2301,2.123287671,2005-12-25,23.8715301,34229.31084,0.02840697,0.282791303,39,8.465434634,0.846543463,birth,no birth,birth
158,Emilio2/,Esterito,2003-04-28,1150,74.5,M,NA,22.82389438,22.66605541,0,0.298731884,0.019549757,0.310174337,2,2,0,NA,NA,NA,NA,NA,NA,NA,NA,NA,NA,119,3.682409309,0.368240931,unknown,unknown,no birth
159,Emma/,E500,2007-12-11,1165,73,F,predispersal,24.96857571,22.22439317,0.016362786,0.157700528,0.024369094,0.322300642,2,1,0,2007-12-25,14,2729.171474,260462.8948,2.997260274,2004-12-12,23.7153199,263991.4045,0.023078763,0.326648216,346,8.303901437,0.830390144,unknown,birth,no birth
160,Enrique/,E500,2007-11-08,970,NA,M,predispersal,23.61546535,22.31683255,0.040481958,0.238980265,0.025422675,0.317501804,2,1,0,2007-12-25,47,812.0842949,260608.801,1.857534247,2005-12-30,22.4606749,31081.03255,0.027575418,0.281529126,313,8.213552361,0.821355236,unknown,birth,no birth
161,Enrique/,E500,2008-08-20,1110,NA,M,predispersal,18.05530037,22.49911776,0,0.682232564,0.018302681,0.325555289,1,1,0,2008-10-01,42,2345.185762,NA,2.64109589,2005-12-30,22.4606749,31081.03255,0.027575418,0.281529126,233,8.996577687,0.899657769,birth,birth,no birth
162,Enrique/,Solitario,2010-03-24,1260,73,M,floater,26.52982883,22.6466982,0.006778869,0.020628799,0.029026081,0.325295711,2,2,0,NA,NA,NA,NA,4.232876712,2005-12-30,22.4606749,NA,0.027575418,0.281529126,84,10.58726899,1.058726899,unknown,unknown,no birth
163,Eriko/,E350,2003-03-27,1280,72.5,M,territory_holder,26.10693718,22.72621201,0.020209104,0.057524757,0.019549757,0.298568047,2,1,2,2003-12-05,253,592.938419,NA,NA,NA,NA,NA,NA,NA,87,3.594798084,0.359479808,unknown,birth,unknown
164,Eriko/,E350,2005-05-26,1380,NA,M,territory_holder,19.62345138,22.39203711,0,0.51227209,0.02255366,0.328258784,1,1,0,2005-12-25,213,544.3313181,333253.8956,NA,NA,NA,NA,NA,NA,147,5.760438056,0.576043806,birth,birth,no birth
165,Eriko/,E350,2005-11-15,1230,NA,M,territory_holder,22.39067071,22.41370252,0.010752688,0.32615602,0.021746801,0.322986282,1,1,0,2005-12-25,40,636.0645372,298159.0319,NA,NA,NA,NA,NA,NA,320,6.234086242,0.623408624,birth,birth,no birth
166,Eriko/,E350,2006-05-03,1365,NA,M,territory_holder,21.45267873,22.55410052,0,0.369209274,0.025391181,0.317964118,1,0,1,NA,NA,1929.684429,16394.40344,NA,NA,NA,NA,NA,NA,124,6.696783025,0.669678303,birth,no birth,birth
167,Eriko/,E350,2010-03-25,1260,NA,M,territory_holder,26.32297399,22.63665254,0.005434783,0.020628799,0.029026081,0.325295711,1,1,1,2011-01-05,286,12618.86567,135702.3284,NA,NA,NA,NA,NA,NA,85,10.59000684,1.059000684,birth,birth,birth
168,Ernestina/,E500,2001-01-15,1177.5,73.5,F,predispersal,NA,22.08404168,NA,NA,0.018063929,0.328238503,1,0,1,NA,NA,NA,NA,2.175342466,1998-11-13,23.33466189,NA,NA,NA,15,1.401779603,0.14017796,birth,no birth,birth
169,Eros/,E350,2009-02-17,920,68.5,M,predispersal,26.56247131,22.24644377,0.004207574,0.022849462,0.018113114,0.342628885,0,1,0,2009-11-04,260,27719.29289,NA,1.304109589,2007-10-30,20.11953502,15425.94237,0.01489458,0.347515278,48,9.492128679,0.949212868,no birth,birth,no birth
170,Esperanza/,E500,2001-07-02,1380,68,F,territory_holder,NA,NA,NA,NA,NA,NA,1,0,0,NA,NA,NA,NA,NA,NA,NA,NA,NA,NA,184,1.861738535,0.186173854,birth,no birth,no birth
171,Estrella/,E500,2002-08-09,1300,72.5,F,territory_holder,NA,22.50302919,NA,NA,0.012341169,0.305202375,0,0,0,NA,NA,NA,NA,NA,NA,NA,NA,NA,NA,222,2.965092402,0.29650924,no birth,no birth,no birth
172,Estupenda/,E350,2015-04-22,1060,72,F,predispersal,23.08755895,23.38185561,0,0.163023289,0.015368083,0.253665092,1,1,0,2015-10-28,189,28917.62803,331703.6346,1.391780822,2013-11-30,23.43559033,324171.9289,NA,NA,113,15.6659822,1.56659822,birth,birth,no birth
173,Eulogia/,E350,2003-04-03,1310,64.5,F,territory_holder,25.37041996,22.76514993,0,0.059442249,0.019604672,0.294435015,2,1,2,2003-12-05,246,8009.871991,NA,NA,NA,NA,NA,NA,NA,94,3.613963039,0.361396304,unknown,birth,unknown
174,Eulogia/,Solitario,2003-09-04,1125,NA,F,floater,16.21309908,22.76252718,0.005676329,0.693357488,0.019970818,0.31020525,2,2,0,NA,NA,NA,NA,NA,NA,NA,NA,NA,NA,248,4.03559206,0.403559206,unknown,unknown,no birth
175,Eusebia/,E350,2014-03-11,NA,NA,F,predispersal,25.61211134,NA,0.027217742,0.09824402,NA,NA,1,1,1,2014-10-23,226,6111.163104,105997.6363,1.276712329,2012-11-30,24.91521739,23166.31856,NA,NA,71,14.55167693,1.455167693,birth,birth,birth
176,Ernestina/,E350,2003-08-26,1365,73.5,F,territory_holder,17.16529456,22.79707135,0.001449275,0.671799517,0.019616596,0.308172382,2,1,2,2003-12-05,101,1203.02233,NA,4.78630137,1998-11-13,23.33466189,NA,NA,NA,239,4.010951403,0.40109514,unknown,birth,unknown
177,Ernestina/,E350,2003-09-11,NA,NA,F,territory_holder,17.67439256,22.82020406,0.023067633,0.615167984,0.021488213,0.306193736,2,1,0,2003-12-05,85,1975.679157,NA,4.830136986,1998-11-13,23.33466189,NA,NA,NA,255,4.054757016,0.405475702,unknown,birth,no birth
178,Ernestina/,E350,2005-05-09,1475,NA,F,territory_holder,21.07889767,22.19880439,0,0.392879886,0.02255366,0.343470187,1,1,0,2005-12-25,230,544.3313181,333253.8956,6.490410959,1998-11-13,23.33466189,NA,NA,NA,130,5.713894593,0.571389459,birth,birth,no birth
179,Ernestina/,E350,2006-04-28,1430,NA,F,territory_holder,22.46866485,22.57964746,0,0.29413171,0.025391181,0.316164674,1,0,1,NA,NA,5679.770062,15009.05033,7.460273973,1998-11-13,23.33466189,NA,NA,NA,119,6.683093771,0.668309377,birth,no birth,birth
180,Evaristo/,E350,2007-10-03,1250,73.5,M,predispersal,22.82209561,22.40901783,0.028459561,0.336430575,0.022924421,0.306160786,2,1,0,2007-10-30,27,1761.70355,295175.3143,3.830136986,2003-12-05,23.57617256,64517.54835,0.017321597,0.337240271,277,8.114989733,0.811498973,unknown,birth,no birth
181,Fabian/,Solitario,2001-09-06,1180,72.25,M,floater,20.57986127,NA,0.001388889,0.492351308,NA,NA,2,2,0,NA,NA,NA,NA,NA,NA,NA,NA,NA,NA,250,2.042436687,0.204243669,unknown,unknown,no birth
182,Fabian/,E500,2003-11-05,1240,73,M,territory_holder,23.33572166,22.69779442,0.030362839,0.277338603,0.023430621,0.316315008,2,1,0,2003-12-04,29,2342.550198,NA,NA,NA,NA,NA,NA,NA,310,4.205338809,0.420533881,unknown,birth,no birth
183,Fabian/,E500,2004-04-12,1360,NA,M,territory_holder,26.22753092,22.80453131,0.021871945,0.080666412,0.023699953,0.311599082,1,1,1,2004-12-12,244,159.7058046,35736.74939,NA,NA,NA,NA,NA,NA,103,4.640657084,0.464065708,birth,birth,birth
184,Fabian/,E500,2004-10-19,1135,NA,M,territory_holder,22.19195302,22.34571686,0.002688172,0.331989247,0.020780629,0.333667123,1,1,0,2004-12-12,54,7365.999963,61321.8316,NA,NA,NA,NA,NA,NA,293,5.160848734,0.516084873,birth,birth,no birth
185,Fabian/,E500,2005-04-19,1332.5,NA,M,territory_holder,24.46518124,22.18857716,0.018055556,0.187367463,0.02255366,0.34260318,1,1,1,2005-12-30,255,945.9645041,309058.6745,NA,NA,NA,NA,NA,NA,110,5.659137577,0.565913758,birth,birth,birth
186,Fabian/,E500,2008-03-04,1235,NA,M,territory_holder,26.17307008,21.99711306,0.020336606,0.06042012,0.022202111,0.327037065,1,1,1,2008-10-01,211,341.4880673,24288.08958,NA,NA,NA,NA,NA,NA,64,8.533880903,0.85338809,birth,birth,birth
187,Fabian/,E500,2011-04-09,1275,NA,M,territory_holder,24.87941317,21.6074172,0.001344086,0.114247312,0.00805318,0.374760485,0,1,0,2011-10-28,202,1176.840735,109426.4625,NA,NA,NA,NA,NA,NA,100,11.63039014,1.163039014,no birth,birth,no birth
188,Fabian/,E500,2012-06-13,1220,NA,M,territory_holder,18.38841999,23.20545941,0,0.584894477,0.050558136,0.304640417,1,0,0,NA,NA,340.4721581,22852.53461,NA,NA,NA,NA,NA,NA,165,12.81040383,1.281040383,birth,no birth,no birth
189,falta asignar/,H900,2008-04-11,1260,74,F,NA,24.73484306,21.88943009,0.010869565,0.142864125,0.018302681,0.334650672,2,1,2,2008-11-29,232,NA,NA,NA,NA,NA,NA,NA,NA,102,8.637919233,0.863791923,unknown,birth,unknown
190,Fany/,Fauna,2004-01-14,885,71,F,predispersal,26.57173393,22.56470731,0.009530792,0.059532917,0.019993165,0.323025215,1,1,1,2004-12-03,324,NA,NA,1.287671233,2002-10-01,24.23254282,NA,0.024023217,0.309959725,14,4.396988364,0.439698836,birth,birth,birth
191,Fede/,F700,2002-05-09,1300,74,M,territory_holder,22.20027745,NA,0,0.236336188,NA,NA,1,1,0,2002-12-13,218,NA,NA,NA,NA,NA,NA,NA,NA,130,2.71321013,0.271321013,birth,birth,no birth
192,Felicia/,F700,2013-05-10,1235,NA,F,predispersal,NA,NA,NA,NA,NA,NA,0,1,0,2013-10-30,173,3538.115497,NA,2.430136986,2010-12-05,20.83790587,118181.052,0.009853146,0.29236855,131,13.71663244,1.371663244,no birth,birth,no birth
193,Felino?/,F700,2008-05-09,1250,73,M,territory_holder,19.98311647,21.56600998,0.002805049,0.471407625,0.018302681,0.358586124,1,0,1,NA,NA,194.6459937,17640.5869,NA,NA,NA,NA,NA,NA,130,8.714579055,0.871457906,birth,no birth,birth
194,Felino/,F700,2003-12-18,1157.5,74,M,territory_holder,24.83182774,22.62150216,0.008415147,0.106995622,0.023858116,0.321067435,0,1,0,2004-12-12,360,1911.697888,NA,NA,NA,NA,NA,NA,NA,353,4.323066393,0.432306639,no birth,birth,no birth
195,Felipa/,F700,2002-05-27,1370,74.5,F,territory_holder,21.266086,NA,0,0.37512219,NA,NA,1,1,0,2002-12-13,200,NA,NA,NA,NA,NA,NA,NA,NA,148,2.762491444,0.276249144,birth,birth,no birth
196,Felix/,F700,2002-03-21,870,68,M,predispersal,28.01046581,NA,0.042872625,0.005376344,NA,NA,1,1,1,2002-12-13,267,NA,NA,1.468493151,2000-10-01,26.14267278,NA,NA,NA,81,2.579055441,0.257905544,birth,birth,birth
197,Felix/,F700,2003-10-14,1100,62,M,territory_holder,NA,22.66116551,NA,NA,0.021980624,0.315763954,1,2,0,NA,NA,6286.822068,NA,3.035616438,2000-10-01,26.14267278,NA,NA,NA,288,4.145106092,0.414510609,birth,unknown,no birth
198,Felix/,L100,2005-08-31,1245,NA,M,territory_holder,19.49905064,22.77728098,0.004032258,0.508064516,0.022835106,0.298688389,0,1,0,2005-10-31,61,433.0111986,272479.7414,4.917808219,2000-10-01,26.14267278,NA,NA,NA,244,6.026009582,0.602600958,no birth,birth,no birth
199,Fermin/,F700,2015-03-25,1450,74,M,territory_holder,27.35951431,23.46504657,0.018851822,0.034946237,0.015325512,0.251549907,1,1,1,2015-10-29,218,13706.25526,252733.965,NA,NA,NA,NA,NA,NA,85,15.58932238,1.558932238,birth,birth,birth
200,Feroz/,F700,2017-11-21,1100,NA,M,predispersal,23.23513722,23.00120158,0.006048387,0.20726931,0.013463459,0.279576408,1,0,0,NA,NA,1191.633053,22035.01103,2.065753425,2015-10-29,21.28215251,56125.96052,0.012613629,0.348855181,326,18.25051335,1.825051335,birth,no birth,no birth
201,Fidel/,Fauna,2003-10-17,1080,72,M,predispersal,NA,22.66795587,NA,NA,0.022717761,0.316981832,2,1,0,2003-11-07,21,NA,NA,2.043835616,2001-10-01,19.75666722,NA,0.012188172,0.305524035,291,4.153319644,0.415331964,unknown,birth,no birth
202,Fiero/,Fauna,2003-05-13,1177.5,74.5,M,territory_holder,21.2848517,22.5698099,0,0.419266482,0.019549757,0.31941885,1,1,0,2003-11-07,178,NA,NA,NA,NA,NA,NA,NA,NA,134,3.72347707,0.372347707,birth,birth,no birth
203,Fiero/,Fauna,2005-04-15,1320,NA,M,territory_holder,24.91250008,22.20906914,0.018055556,0.158080024,0.02255366,0.340412299,1,1,1,2005-10-01,169,NA,NA,NA,NA,NA,NA,NA,NA,106,5.648186174,0.564818617,birth,birth,birth
204,Franco/,Isleta Natalia,2002-09-16,1240,74,M,territory_holder,20.32075586,22.46416599,0,0.491821035,0.012188172,0.308267599,2,2,0,NA,NA,NA,NA,NA,NA,NA,NA,NA,NA,260,3.069130732,0.306913073,unknown,unknown,no birth
205,Fuerte/,F1200,2003-10-30,663.75,66.5,M,predispersal,NA,22.73757797,NA,NA,0.023430621,0.312937004,1,1,0,2004-09-29,335,5962.233632,NA,0.898630137,2002-12-06,23.10101728,NA,0.023858116,0.315760334,304,4.188911704,0.41889117,birth,birth,no birth
206,Fugado/,F1200,2007-10-31,1165,74,M,predispersal,24.92313301,22.37965289,0.050990267,0.152470002,0.02517429,0.309946745,1,1,1,2008-10-17,352,NA,254255.9663,2.068493151,2005-10-06,21.47764138,23268.16383,0.027083983,0.314360948,305,8.191649555,0.819164956,birth,birth,birth
207,Fulano/,F1200,2002-07-05,1370,71,M,territory_holder,15.14484151,NA,0,0.812561095,NA,NA,0,1,0,2002-12-06,154,NA,NA,NA,NA,NA,NA,NA,NA,187,2.869267625,0.286926762,no birth,birth,no birth
208,Fulera/,F1200,2009-02-18,1240,70.5,F,predispersal,26.63989067,22.24182173,0.004207574,0.022849462,0.01799927,0.342628885,1,1,1,2009-11-20,275,23033.72914,NA,2.282191781,2006-11-08,22.70589338,250572.3525,0.025422675,0.317501804,49,9.49486653,0.949486653,birth,birth,birth
209,Fumata/,F1200,2003-03-24,1360,74,F,territory_holder,26.06109291,22.74534359,0.02088274,0.053950258,0.019549757,0.297959108,1,0,1,NA,NA,634.5872312,NA,NA,NA,NA,NA,NA,NA,84,3.586584531,0.358658453,birth,no birth,birth
210,Fumata/,F1200,2003-09-01,1200,NA,F,territory_holder,16.04541533,22.65136766,0.001449275,0.697524155,0.019616596,0.315371836,1,2,0,NA,NA,2294.210882,NA,NA,NA,NA,NA,NA,NA,245,4.027378508,0.402737851,birth,unknown,no birth
211,Fumata/,F1200,2006-07-22,1330,NA,F,territory_holder,20.16528805,22.55523146,0,0.508022015,0.025391181,0.324085604,1,1,0,2006-11-08,109,3722.062051,17828.27182,NA,NA,NA,NA,NA,NA,204,6.915811088,0.691581109,birth,birth,no birth
212,Fumata/,F1200,2008-01-30,1365,NA,F,territory_holder,27.95761029,22.15938598,0.06328892,0.005610098,0.025448131,0.324424068,1,1,1,2008-10-17,261,1893.00197,248589.3083,NA,NA,NA,NA,NA,NA,30,8.440793977,0.844079398,birth,birth,birth
213,Furia/,F1200,2002-05-10,1000,71,F,predispersal,22.08997442,NA,0,0.248836188,NA,NA,0,1,0,2002-12-06,210,NA,NA,1.482191781,2000-11-15,23.64543631,NA,NA,NA,131,2.715947981,0.271594798,no birth,birth,no birth
214,Fuxia/,F1200,2010-04-07,1280,76,F,predispersal,25.38788484,22.5304447,0.005434783,0.06902652,0.02615731,0.328076046,1,1,1,2010-11-10,217,1496.877924,102116.6718,2.515068493,2007-10-02,23.07504181,11408.50177,0.017619621,0.339923883,98,10.6255989,1.06255989,birth,birth,birth
215,Galaxia/,G1300,2002-07-10,1410,71,F,territory_holder,13.66180504,NA,0,0.89520202,NA,NA,1,0,0,NA,NA,NA,NA,NA,NA,NA,NA,NA,NA,192,2.882956879,0.288295688,birth,no birth,no birth
216,Galileo/,G1300,2002-05-31,1410,73,M,territory_holder,21.27317141,NA,0,0.369506779,NA,NA,1,0,0,NA,NA,NA,NA,NA,NA,NA,NA,NA,NA,152,2.773442847,0.277344285,birth,no birth,no birth
217,Gargara/,G1300,2003-12-29,1100,77,F,predispersal,25.42566843,22.59831048,0.00672043,0.089347189,0.022153385,0.321642464,0,1,0,2004-12-13,350,1707.222165,NA,2.243835616,2001-10-01,19.75666722,NA,0.012188172,0.305524035,364,4.353182752,0.435318275,no birth,birth,no birth
218,Garota/,G1200,2020-01-22,1375,73,F,territory_holder,28.67873719,23.01605098,0.117432543,0.02016129,0.04401175,0.309235147,2,2,0,NA,NA,NA,NA,NA,NA,NA,NA,NA,NA,22,20.41889117,2.041889117,unknown,unknown,no birth
219,Garza/,G1300,2003-12-23,1230,74,F,territory_holder,25.18188618,22.5990847,0.015135577,0.079938586,0.0232322,0.321550866,0,1,0,2004-12-13,356,1707.222165,NA,NA,NA,NA,NA,NA,NA,358,4.336755647,0.433675565,no birth,birth,no birth
220,Garza/,G1300,2005-08-02,1380,NA,F,territory_holder,16.45993259,22.67010803,0,0.665805467,0.02255366,0.306704712,1,1,0,2005-10-21,80,399.0201352,238448.4428,NA,NA,NA,NA,NA,NA,215,5.94661191,0.594661191,birth,birth,no birth
221,Gaviota/,G1300,2002-08-15,1120,73,F,territory_holder,17.29149923,22.42065699,0,0.672750016,0.012306208,0.310229776,1,0,0,NA,NA,NA,NA,NA,NA,NA,NA,NA,NA,228,2.981519507,0.298151951,birth,no birth,no birth
222,Gaviota/,Solitario,2004-02-09,1180,NA,F,floater,28.44319583,22.56708285,0.074121297,0.01128926,0.01937855,0.322125432,2,2,0,NA,NA,NA,NA,NA,NA,NA,NA,NA,NA,40,4.468172485,0.446817248,unknown,unknown,no birth
223,Higo/,H900,2020-01-30,1425,70,M,territory_holder,28.31620157,22.94135507,0.101215853,0.003389434,0.04225485,0.30952223,2,0,2,NA,NA,NA,NA,NA,NA,NA,NA,NA,NA,30,20.44079398,2.044079398,unknown,no birth,unknown
224,Idiota/,IJ500,2003-04-10,900,70,M,predispersal,24.07658542,22.68432861,0,0.154611331,0.019604672,0.30118362,1,0,0,NA,NA,5852.740573,NA,1.473972603,2001-10-19,23.60075579,NA,0.014435663,0.29584162,101,3.633127995,0.363312799,birth,no birth,no birth
225,Idiota/,IJ500,2004-02-03,1040,75,M,predispersal,28.74056207,22.62505374,0.075529134,0.008356709,0.02222316,0.32187007,0,1,0,2004-11-14,285,7925.040789,37988.26376,2.293150685,2001-10-19,23.60075579,NA,0.014435663,0.29584162,34,4.45174538,0.445174538,no birth,birth,no birth
226,Ika/,IJ500,2008-01-30,1300,NA,F,NA,27.95761029,22.15938598,0.06328892,0.005610098,0.025448131,0.324424068,0,1,0,2008-11-15,290,2022.145067,241807.5072,NA,NA,NA,NA,NA,NA,30,8.440793977,0.844079398,no birth,birth,no birth
227,Inocencio/,IJ500,2003-12-02,1180,75,M,territory_holder,24.71311095,22.69854308,0.039329126,0.172276765,0.023975157,0.315643293,0,1,0,2004-11-14,348,1668.902096,NA,NA,NA,NA,NA,NA,NA,337,4.27926078,0.427926078,no birth,birth,no birth
228,Inodoro/,IJ500,2003-03-10,1250,75,M,territory_holder,NA,22.8821524,NA,NA,0.023039163,0.293806327,1,0,1,NA,NA,583.7581198,NA,NA,NA,NA,NA,NA,NA,70,3.54825462,0.354825462,birth,no birth,birth
229,Irene/,IJ500,2003-03-15,1275,74,F,territory_holder,26.13942828,22.82618826,0.02088274,0.079243563,0.021724869,0.294156467,1,0,1,NA,NA,583.7581198,NA,NA,NA,NA,NA,NA,NA,75,3.561943874,0.356194387,birth,no birth,birth
230,Irene/,IJ500,2003-09-03,1240,NA,F,territory_holder,16.04143241,22.71984997,0.002898551,0.704468599,0.019738044,0.312391308,1,2,0,NA,NA,2035.953412,NA,NA,NA,NA,NA,NA,NA,247,4.032854209,0.403285421,birth,unknown,no birth
231,Iris/,IJ500,2004-01-29,1235,74,F,territory_holder,27.82692836,22.61517946,0.037894726,0.024236049,0.020819393,0.32187007,0,1,0,2004-11-14,290,4796.971443,NA,NA,NA,NA,NA,NA,NA,29,4.438056126,0.443805613,no birth,birth,no birth
232,Jalea/,J800,2008-01-31,1180,73.5,F,NA,27.92925007,22.1590786,0.06328892,0.005610098,0.025448131,0.324424068,2,2,0,NA,NA,NA,NA,NA,NA,NA,NA,NA,NA,31,8.443531828,0.844353183,unknown,unknown,no birth
233,Joly/,NA,2002-08-05,NA,NA,NA,NA,NA,22.50061727,NA,NA,0.012341169,0.304999386,2,2,0,NA,NA,NA,NA,NA,NA,NA,NA,NA,NA,218,2.954140999,0.2954141,unknown,unknown,no birth
234,Kinoto/,K400,2003-03-25,1310,77,M,territory_holder,26.03170281,22.73981774,0.020209104,0.052209927,0.019549757,0.297959108,2,2,0,NA,NA,NA,NA,NA,NA,NA,NA,NA,NA,85,3.589322382,0.358932238,unknown,unknown,no birth
235,Kiwi/,K400,2003-03-19,1170,72.5,F,territory_holder,25.95296434,22.76331067,0.02088274,0.083572568,0.019549757,0.294920409,2,2,0,NA,NA,NA,NA,NA,NA,NA,NA,NA,NA,79,3.572895277,0.357289528,unknown,unknown,no birth
236,Langosta/,NA,2002-08-05,NA,NA,NA,NA,NA,22.50061727,NA,NA,0.012341169,0.304999386,2,2,0,NA,NA,NA,NA,NA,NA,NA,NA,NA,NA,218,2.954140999,0.2954141,unknown,unknown,no birth
237,Lorenzo/,L100,2007-11-27,925,72,M,predispersal,23.50044171,22.24364285,0.024671682,0.264372082,0.024349295,0.321523798,1,1,1,2008-11-01,340,771.1221066,249073.1757,2.073972603,2005-10-31,20.30984073,23586.69285,0.027410664,0.291373333,332,8.265571526,0.826557153,birth,birth,birth
238,Mabela/,B68,2002-07-19,1150,70,F,NA,NA,22.71494217,NA,NA,0.012518996,0.288364944,1,0,0,NA,NA,NA,NA,NA,NA,NA,NA,NA,NA,201,2.907597536,0.290759754,birth,no birth,no birth
239,Magnolia/,B68,2013-04-12,1280,80,F,territory_holder,NA,NA,NA,NA,NA,NA,1,0,1,NA,NA,4481.097538,NA,NA,NA,NA,NA,NA,NA,103,13.63997262,1.363997262,birth,no birth,birth
240,Manchita/,B68,2002-06-04,1450,70.5,F,NA,21.77432264,NA,0,0.317028986,NA,NA,1,0,1,NA,NA,NA,NA,NA,NA,NA,NA,NA,NA,156,2.784394251,0.278439425,birth,no birth,birth
241,Mancho/,B68,2021-05-13,1100,69.5,M,predispersal,19.98073482,22.68814617,0,0.48091546,0.025153844,0.314634632,0,1,0,2021-10-16,156,0,NA,2.57260274,2018-10-17,23.45469332,14940.94628,0.027654631,0.297880581,134,21.724846,2.1724846,no birth,birth,no birth
242,Mandinga/,B68,2003-03-11,1380,70,M,territory_holder,NA,22.87014311,NA,NA,0.022552012,0.293806327,0,0,0,NA,NA,586.4864468,NA,NA,NA,NA,NA,NA,NA,71,3.550992471,0.355099247,no birth,no birth,no birth
243,Mandinga/,B68,2005-03-21,1462.5,NA,M,territory_holder,27.54383367,22.37180926,0.110767563,0.034197161,0.023896544,0.332960131,0,1,0,2005-10-18,211,7887.300218,203170.1559,NA,NA,NA,NA,NA,NA,81,5.579739904,0.55797399,no birth,birth,no birth
244,Mandioca/,NA,2002-08-05,NA,NA,NA,NA,NA,22.50061727,NA,NA,0.012341169,0.304999386,2,2,0,NA,NA,NA,NA,NA,NA,NA,NA,NA,NA,218,2.954140999,0.2954141,unknown,unknown,no birth
245,Manzana/,B68,2003-03-20,1177.5,70,F,territory_holder,26.07864286,22.76565103,0.02088274,0.068421053,0.019549757,0.294920409,0,0,0,NA,NA,586.4864468,NA,NA,NA,NA,NA,NA,NA,80,3.575633128,0.357563313,no birth,no birth,no birth
246,Marino/,B68,2002-06-21,1380,72,M,territory_holder,17.70642668,NA,0,0.625079689,NA,NA,1,0,0,NA,NA,NA,NA,NA,NA,NA,NA,NA,NA,173,2.830937714,0.283093771,birth,no birth,no birth
247,Mono Parola/,Campo Parola,2002-09-19,1380,77,M,NA,20.15585882,22.56308468,0,0.498541466,0.012188172,0.302181053,2,2,0,NA,NA,NA,NA,NA,NA,NA,NA,NA,NA,263,3.077344285,0.307734428,unknown,unknown,no birth
248,Mono Picada Campamento/,Picada Campamento,2002-09-11,1170.5,76,M,NA,20.3150581,22.42734612,0,0.490859456,0.012188172,0.309850822,1,2,2,NA,NA,NA,NA,NA,NA,NA,NA,NA,NA,255,3.055441478,0.305544148,birth,unknown,unknown
249,Mony/,B68,2000-01-24,910,68,F,predispersal,28.46880829,NA,0.096035763,0.018825611,NA,NA,0,1,0,2000-10-08,258,NA,NA,1.117808219,1998-12-12,23.37095568,NA,NA,NA,24,0.424366872,0.042436687,no birth,birth,no birth
250,Mony/,B68,2003-04-10,1285,75,F,territory_holder,24.07658542,22.68432861,0,0.154611331,0.019604672,0.30118362,0,0,0,NA,NA,2082.908606,NA,4.328767123,1998-12-12,23.37095568,NA,NA,NA,101,3.633127995,0.363312799,no birth,no birth,no birth
251,Mony/,B68,2005-07-29,1335,NA,F,territory_holder,16.24224538,22.52250652,0,0.658033144,0.02255366,0.31622182,0,1,0,2005-10-18,81,403.7978743,187568.1131,6.632876712,1998-12-12,23.37095568,NA,NA,NA,211,5.935660507,0.593566051,no birth,birth,no birth
252,Mony/,CC,2008-03-06,1402.5,NA,F,territory_holder,26.12276589,21.97379115,0.020336606,0.056387862,0.021529893,0.327492439,1,0,1,NA,NA,439.4214292,17043.12346,9.238356164,1998-12-12,23.37095568,NA,NA,NA,66,8.539356605,0.853935661,birth,no birth,birth
253,Morgan/,Morito,2003-04-28,1300,75.5,M,territory_holder,22.82389438,22.66605541,0,0.298731884,0.019549757,0.310174337,1,2,0,NA,NA,NA,NA,NA,NA,NA,NA,NA,NA,119,3.682409309,0.368240931,birth,unknown,no birth
254,Nazario/,Naranja,2003-05-06,1075,73,M,NA,21.91522217,22.66635347,0,0.388207106,0.019549757,0.310818336,2,2,0,NA,NA,NA,NA,NA,NA,NA,NA,NA,NA,127,3.704312115,0.370431211,unknown,unknown,no birth
255,Nino/,Solitario,2002-12-03,1175,76.5,M,floater,25.32913727,22.66196412,0.033075748,0.121647754,0.01487286,0.298575803,2,2,0,NA,NA,NA,NA,NA,NA,NA,NA,NA,NA,338,3.282683094,0.328268309,unknown,unknown,no birth
256,Pampero/,Parrilla,2003-05-19,1240,74,M,territory_holder,21.59215492,22.51954016,0,0.401214291,0.019549757,0.325463033,1,0,0,NA,NA,NA,NA,NA,NA,NA,NA,NA,NA,140,3.739904175,0.373990418,birth,no birth,no birth
257,Pancho/,Parrilla,2003-05-07,675,63,M,predispersal,21.72625537,22.64916367,0,0.397381954,0.019549757,0.31224104,1,0,0,NA,NA,NA,NA,0.597260274,2002-10-01,24.23254282,NA,0.024023217,0.309959725,128,3.707049966,0.370704997,birth,no birth,no birth
258,Paulina/,Parrilla,2003-05-07,1310,74.5,F,territory_holder,21.72625537,22.64916367,0,0.397381954,0.019549757,0.31224104,1,0,0,NA,NA,NA,NA,NA,NA,NA,NA,NA,NA,128,3.707049966,0.370704997,birth,no birth,no birth
259,Paulina/,Parrilla,2005-04-14,1406.25,NA,F,territory_holder,25.07725249,22.23737492,0.018055556,0.142983405,0.022668444,0.33880532,1,1,1,2005-09-21,160,NA,NA,NA,NA,NA,NA,NA,NA,105,5.645448323,0.564544832,birth,birth,birth
260,Penelope/,P300,2006-05-16,1210,NA,F,territory_holder,18.31666181,22.30120289,0,0.559203536,0.025391181,0.332570715,0,1,0,2006-10-12,149,1110.760438,10172.6739,NA,NA,NA,NA,NA,NA,137,6.732375086,0.673237509,no birth,birth,no birth
261,Pepe/,P300,2010-04-27,1345,NA,M,territory_holder,22.90254542,22.48416175,0.009408602,0.285891878,0.02615731,0.328885059,1,1,1,2010-10-20,176,1812.376449,76050.38122,NA,NA,NA,NA,NA,NA,118,10.68035592,1.068035592,birth,birth,birth
262,Perla/,P300,2012-06-27,1300,68,F,territory_holder,17.30042819,23.17568512,0,0.655095839,0.050558136,0.31102673,0,0,0,NA,NA,198.3532407,15768.16741,NA,NA,NA,NA,NA,NA,179,12.84873374,1.284873374,no birth,no birth,no birth
263,Petisa/,P300,2013-06-11,1215,34.5,F,predispersal,NA,NA,NA,NA,NA,NA,0,1,0,2013-10-16,127,199.6994153,NA,2.643835616,2010-10-20,21.91241887,78568.13682,0.009780027,0.313375998,163,13.80424367,1.380424367,no birth,birth,no birth
264,Picky/,Picada Campamento,2011-04-14,1277.5,73.7,F,predispersal,24.40616048,21.60933274,0.001344086,0.153225806,0.00805318,0.374379358,1,1,1,2011-10-20,189,NA,NA,2.367123288,2008-12-01,23.17102843,NA,0.029106357,0.332900629,105,11.6440794,1.16440794,birth,birth,birth
265,Pietra/,P300,2005-11-17,1285,NA,F,territory_holder,22.89351135,22.42856504,0.010752688,0.276302648,0.021746801,0.322986282,0,1,0,2006-10-12,329,402.2866556,180609.2046,NA,NA,NA,NA,NA,NA,322,6.239561944,0.623956194,no birth,birth,no birth
266,Potro/,Parrilla,2004-01-05,1180,78.5,M,territory_holder,25.45560064,22.56451865,0.00672043,0.099850185,0.021919303,0.323025215,0,1,0,2004-12-02,332,NA,NA,NA,NA,NA,NA,NA,NA,5,4.372347707,0.437234771,no birth,birth,no birth
267,Ramon/,Entrada Aranda,2012-07-16,1300,NA,M,territory_holder,15.96843668,23.20765444,0,0.739247312,0.050558136,0.311657941,2,1,0,2012-10-05,81,NA,NA,NA,NA,NA,NA,NA,NA,198,12.90075291,1.290075291,unknown,birth,no birth
268,Roca/,Casa de Roque,2002-09-21,1240,70,F,NA,20.12295873,22.5249344,0,0.495162049,0.012188172,0.304777843,2,2,0,NA,NA,NA,NA,NA,NA,NA,NA,NA,NA,265,3.082819986,0.308281999,unknown,unknown,no birth
269,Roque/,Casa de Roque,2002-09-21,1140,73.5,M,NA,20.12295873,22.5249344,0,0.495162049,0.012188172,0.304777843,2,2,0,NA,NA,NA,NA,NA,NA,NA,NA,NA,NA,265,3.082819986,0.308281999,unknown,unknown,no birth
270,Salada/,Solitario,2004-01-16,1240,71,F,floater,26.76186366,22.56689751,0.009530792,0.058188831,0.019871035,0.322780956,2,2,0,NA,NA,NA,NA,NA,NA,NA,NA,NA,NA,16,4.402464066,0.440246407,unknown,unknown,no birth
271,Sandalia/,Solitario,2003-12-30,1059.166667,69,F,floater,25.42888839,22.58669999,0.00672043,0.089347189,0.021919303,0.321642464,2,2,0,NA,NA,NA,NA,NA,NA,NA,NA,NA,NA,365,4.355920602,0.43559206,unknown,unknown,no birth
272,Sandia/,Solitario,2003-12-29,1120,74,F,floater,25.42566843,22.59831048,0.00672043,0.089347189,0.022153385,0.321642464,2,2,0,NA,NA,NA,NA,NA,NA,NA,NA,NA,NA,364,4.353182752,0.435318275,unknown,unknown,no birth
273,Santo/,Solitario,2003-10-28,1150,62,M,floater,NA,22.71546135,NA,NA,0.023430621,0.312921276,2,2,0,NA,NA,NA,NA,NA,NA,NA,NA,NA,NA,302,4.183436003,0.4183436,unknown,unknown,no birth
274,Satan/,San Jose,2003-05-05,1250,65,M,NA,22.087534,22.68267507,0,0.372078074,0.019549757,0.308260791,2,2,0,NA,NA,NA,NA,NA,NA,NA,NA,NA,NA,126,3.701574264,0.370157426,unknown,unknown,no birth
275,Sepia/,Solitario,2003-03-13,1150,75,F,floater,26.09270123,22.8442159,0.02088274,0.075076897,0.022308436,0.293806327,2,2,0,NA,NA,NA,NA,NA,NA,NA,NA,NA,NA,73,3.556468172,0.355646817,unknown,unknown,no birth
276,Serpiente/,Solitario,2003-07-28,1175,74,F,floater,16.98344809,22.93187207,0,0.7135928,0.019440844,0.300461769,2,2,0,NA,NA,NA,NA,NA,NA,NA,NA,NA,NA,210,3.93155373,0.393155373,unknown,unknown,no birth
277,Shahrina/,Solitario,2004-12-01,1135,74,F,floater,23.64915219,22.21415572,0.002805049,0.177828424,0.017321597,0.33735474,2,2,0,NA,NA,NA,NA,NA,NA,NA,NA,NA,NA,336,5.278576318,0.527857632,unknown,unknown,no birth
278,Siesta/,Solitario,2006-02-13,1285,66,F,floater,27.86830272,22.64679384,0.058496961,0.009817672,0.031066665,0.319133436,2,2,0,NA,NA,NA,NA,NA,NA,NA,NA,NA,NA,44,6.480492813,0.648049281,unknown,unknown,no birth
279,Simon/,Solitario,2005-03-31,1330,73,M,floater,26.33511632,22.34762502,0.077165413,0.10120945,0.023521919,0.332727962,2,2,0,NA,NA,NA,NA,NA,NA,NA,NA,NA,NA,91,5.607118412,0.560711841,unknown,unknown,no birth
280,Simpatica/,Solitario,2011-04-14,1230,70,F,floater,24.40616048,21.60933274,0.001344086,0.153225806,0.00805318,0.374379358,2,2,0,NA,NA,NA,NA,NA,NA,NA,NA,NA,NA,105,11.6440794,1.16440794,unknown,unknown,no birth
281,Sirena/,Solitario,2003-12-09,1170,75,F,floater,25.30045795,22.66119005,0.032608696,0.111378512,0.023858116,0.318100695,2,2,0,NA,NA,NA,NA,NA,NA,NA,NA,NA,NA,344,4.298425736,0.429842574,unknown,unknown,no birth
282,Soldado/,Solitario,2003-08-25,1300,75,M,floater,17.15853951,22.8399294,0.001449275,0.680890426,0.019616596,0.306140894,2,2,0,NA,NA,NA,NA,NA,NA,NA,NA,NA,NA,238,4.008213552,0.400821355,unknown,unknown,no birth
283,Soldado/,Soldado,2005-04-18,1425,NA,M,territory_holder,24.51740346,22.18393988,0.018055556,0.187367463,0.02255366,0.34260318,1,1,1,2005-10-01,166,NA,NA,NA,NA,NA,NA,NA,NA,109,5.656399726,0.565639973,birth,birth,birth
284,Solgriette/,Solitario,2008-06-25,1065,71,F,floater,14.84702707,21.66198816,0,0.783628714,0.018302681,0.353406477,2,2,0,NA,NA,NA,NA,NA,NA,NA,NA,NA,NA,177,8.843258042,0.884325804,unknown,unknown,no birth
285,Solita/,Solitario,2003-09-26,1038,75,F,floater,NA,22.8506731,NA,NA,0.023655795,0.304491262,2,2,0,NA,NA,NA,NA,NA,NA,NA,NA,NA,NA,270,4.095824778,0.409582478,unknown,unknown,no birth
286,Sonia/,Casa Julio Orrego,2002-09-18,1150,75,F,NA,20.33636957,22.54621683,0,0.491821035,0.012188172,0.303192056,2,2,0,NA,NA,NA,NA,NA,NA,NA,NA,NA,NA,262,3.074606434,0.307460643,unknown,unknown,no birth
287,Sonza/,Solitario,2005-07-08,1255,NA,F,floater,18.59204541,22.60209284,0,0.562029836,0.02255366,0.312998836,2,2,0,NA,NA,NA,NA,NA,NA,NA,NA,NA,NA,190,5.87816564,0.587816564,unknown,unknown,no birth
288,Sonza/,Solitario,2007-06-06,1280,NA,F,floater,13.86612903,23.19833018,0,0.876344086,0.023132309,0.277194941,2,2,0,NA,NA,NA,NA,NA,NA,NA,NA,NA,NA,158,7.789185489,0.778918549,unknown,unknown,no birth
289,Soto/,Solitario,2018-05-09,1250,NA,M,floater,26.00687901,23.37679365,0.005107527,0.019153226,0.010687265,0.25128423,2,2,0,NA,NA,NA,NA,NA,NA,NA,NA,NA,NA,130,18.71321013,1.871321013,unknown,unknown,no birth
290,Sotreta/,Solitario,2003-04-10,1150,73,M,floater,24.07658542,22.68432861,0,0.154611331,0.019604672,0.30118362,2,2,0,NA,NA,NA,NA,NA,NA,NA,NA,NA,NA,101,3.633127995,0.363312799,unknown,unknown,no birth
291,Sotreta/,Solitario,2005-07-14,1145,72.5,M,floater,17.98727846,22.68387831,0,0.63583769,0.02255366,0.309198708,2,2,0,NA,NA,NA,NA,NA,NA,NA,NA,NA,NA,196,5.894592745,0.589459274,unknown,unknown,no birth
292,Sultana/,Solitario,2005-09-05,1215,NA,F,floater,17.60706256,22.59996423,0.002688172,0.630376344,0.021537792,0.308876118,2,2,0,NA,NA,NA,NA,NA,NA,NA,NA,NA,NA,249,6.039698836,0.603969884,unknown,unknown,no birth
293,Vargas/,Vargas,2002-09-20,1300,76,M,NA,20.15217916,22.54897831,0,0.501613662,0.012188172,0.303597484,2,2,0,NA,NA,NA,NA,NA,NA,NA,NA,NA,NA,264,3.080082136,0.308008214,unknown,unknown,no birth
294,Vicenta/,Veronica,2002-12-13,1185,72,F,territory_holder,26.5540512,22.71350989,0.033075748,0.020511921,0.014990231,0.292922051,0,0,0,NA,NA,NA,NA,NA,NA,NA,NA,NA,NA,348,3.310061602,0.33100616,no birth,no birth,no birth
295,Vicenta/,Veronica,2005-04-05,1375,NA,F,territory_holder,25.43604071,22.26427676,0.060016363,0.153033794,0.022606168,0.337749661,1,1,1,2005-10-01,179,732.7631132,220895.3013,NA,NA,NA,NA,NA,NA,96,5.620807666,0.562080767,birth,birth,birth
296,Victor/,Veronica,2002-11-22,1292.5,75,M,territory_holder,23.98701208,22.58689718,0.021296667,0.201772281,0.013726894,0.303913627,0,0,0,NA,NA,NA,NA,NA,NA,NA,NA,NA,NA,327,3.252566735,0.325256674,no birth,no birth,no birth
297,Victor/,Veronica,2003-03-17,1270,NA,M,territory_holder,25.93250799,22.78286426,0.02088274,0.079243563,0.020441022,0.294156467,0,0,0,NA,NA,467.2061691,NA,NA,NA,NA,NA,NA,NA,77,3.567419576,0.356741958,no birth,no birth,no birth
298,Victor/,Veronica,2003-09-09,1262.5,NA,M,territory_holder,17.61345657,22.87094596,0.023067633,0.611017787,0.021488213,0.303490414,0,2,0,NA,NA,1584.482961,NA,NA,NA,NA,NA,NA,NA,253,4.049281314,0.404928131,no birth,unknown,no birth
299,Vilma/,Veronica,2002-12-12,1050,73,F,predispersal,26.4281045,22.71915492,0.033075748,0.033952782,0.014990231,0.292922051,0,0,0,NA,NA,NA,NA,2.197260274,2000-10-01,26.14267278,NA,NA,NA,347,3.307323751,0.330732375,no birth,no birth,no birth
300,Vilma/,Veronica,2004-12-14,1287.5,74.5,F,predispersal,25.34795875,22.27101483,0,0.048854605,0.017321597,0.333806658,1,1,1,2005-10-01,291,2383.770525,46595.98382,4.205479452,2000-10-01,26.14267278,NA,NA,NA,349,5.314168378,0.531416838,birth,birth,birth